{"model":{"version":2,"nodes":[{"name":"RootNode","position":[0,0,0],"rotation":[0,0,0],"scale":[1,1,1],"scaleCompensation":false},{"name":"SM-UN-H5-11","position":[0,0,0],"rotation":[-90,1.00179e-05,6.1342e-22],"scale":[0.01,0.01,0.01],"scaleCompensation":false}],"parents":[-1,0],"skins":[],"morphs":[],"vertices":[{"position":{"type":"float32","components":3,"data":[-143.794,-1254.54,175.945,-408.589,-1254.54,-1.53866,-408.589,-1254.54,201.291,-158.851,-1254.54,-1.07226,-417.941,-1254.54,3.37062,-417.941,-1254.54,206.436,-413.265,-1254.54,206.436,-413.265,-1254.54,-1.30546,-413.265,-1254.54,-1.30546,-527.413,-1254.54,-1.30546,-522.234,-1254.54,3.37062,-503.019,-1254.54,236.969,-498.891,-1254.54,231.368,-413.265,-1254.54,218.894,-417.941,-1254.54,215.065,-413.265,-1254.54,218.894,-149.465,-1254.54,3.83009,-138.732,-1254.54,180.158,-134.074,-1254.54,179.75,-154.566,-1254.54,-0.822319,-138.732,-1254.54,180.158,-132.814,-1254.54,194.149,-137.201,-1254.54,197.651,-55.3526,-1254.54,219.024,-137.201,-1254.54,197.651,-50.6765,-1254.54,225.437,-50.6765,-1254.54,-1.30546,-55.3526,-1254.54,219.024,-55.3526,-1254.54,3.39242,-50.6765,-1254.54,-1.30546,-143.794,-1254.54,175.945,-158.851,-1254.54,-1.07226,-408.589,-1254.54,201.291,-408.589,-1254.54,-1.53866,-413.265,-1254.54,206.436,-143.794,-1254.54,175.945,-143.794,-1264.07,175.945,-408.589,-1264.07,-1.53866,-158.851,-1264.07,-1.07226,-408.589,-1264.07,201.291,-417.941,-1264.07,206.436,-417.941,-1264.07,3.37062,-413.265,-1264.07,206.436,-413.265,-1264.07,-1.30546,-527.413,-1264.07,-1.30546,-413.265,-1264.07,-1.30546,-522.234,-1264.07,3.37062,-503.019,-1264.07,236.969,-498.891,-1264.07,231.368,-413.265,-1264.07,218.894,-417.941,-1264.07,215.065,-413.265,-1264.07,218.894,-138.732,-1264.07,180.158,-149.465,-1264.07,3.83009,-134.074,-1264.07,179.75,-154.566,-1264.07,-0.822319,-137.201,-1264.07,197.651,-138.732,-1264.07,180.158,-132.814,-1264.07,194.149,-55.3526,-1264.07,219.024,-137.201,-1264.07,197.651,-50.6765,-1264.07,225.437,-50.6765,-1264.07,-1.30546,-55.3526,-1264.07,219.024,-55.3526,-1264.07,3.39242,-50.6765,-1264.07,-1.30546,-143.794,-1264.07,175.945,-158.851,-1264.07,-1.07226,-408.589,-1264.07,201.291,-408.589,-1264.07,-1.53866,-138.732,-1264.07,180.158,-408.589,-1264.07,201.291,-143.794,-1264.07,175.945,-413.265,-1264.07,206.436,-417.941,-1264.07,3.37062,-417.941,-1264.07,206.436,-417.941,-1254.54,206.436,-417.941,-1254.54,3.37062,-417.941,-1254.54,3.37062,-522.234,-1254.54,3.37062,-522.234,-1264.07,3.37062,-417.941,-1264.07,3.37062,-527.413,-1264.07,-1.30546,-503.019,-1264.07,236.969,-503.019,-1254.54,236.969,-527.413,-1254.54,-1.30546,-498.891,-1264.07,231.368,-522.234,-1254.54,3.37062,-498.891,-1254.54,231.368,-522.234,-1264.07,3.37062,-503.019,-1264.07,236.969,-413.265,-1254.54,218.894,-503.019,-1254.54,236.969,-413.265,-1264.07,218.894,-417.941,-1264.07,215.065,-498.891,-1264.07,231.368,-498.891,-1254.54,231.368,-417.941,-1254.54,215.065,-413.265,-1264.07,218.894,-413.265,-1254.54,206.436,-413.265,-1254.54,218.894,-413.265,-1264.07,206.436,-417.941,-1264.07,215.065,-417.941,-1254.54,215.065,-134.074,-1264.07,179.75,-149.465,-1254.54,3.83009,-134.074,-1254.54,179.75,-149.465,-1264.07,3.83009,-138.732,-1264.07,180.158,-137.201,-1264.07,197.651,-137.201,-1254.54,197.651,-138.732,-1254.54,180.158,-132.814,-1264.07,194.149,-132.814,-1254.54,194.149,-50.6765,-1254.54,225.437,-137.201,-1254.54,197.651,-137.201,-1264.07,197.651,-50.6765,-1264.07,225.437,-55.3526,-1264.07,219.024,-132.814,-1264.07,194.149,-132.814,-1254.54,194.149,-55.3526,-1254.54,219.024,-50.6765,-1264.07,225.437,-50.6765,-1254.54,-1.30546,-50.6765,-1254.54,225.437,-50.6765,-1264.07,-1.30546,-55.3526,-1264.07,3.39242,-55.3526,-1264.07,219.024,-55.3526,-1254.54,219.024,-55.3526,-1254.54,3.39242,-55.3526,-1254.54,3.39242,-149.465,-1254.54,3.83009,-149.465,-1264.07,3.83009,-55.3526,-1264.07,3.39242,-413.265,-1254.54,206.436,-138.732,-1264.07,180.158,-138.732,-1254.54,180.158,-413.265,-1264.07,206.436]},"normal":{"type":"float32","components":3,"data":[0,1,0,0,1,0,0,1,0,0,1,0,0,1,0,0,1,0,0,1,0,0,1,0,0,1,0,0,1,0,0,1,0,0,1,0,0,1,0,0,1,0,0,1,0,0,1,0,0,1,0,0,1,0,0,1,0,0,1,0,0,1,0,0,1,0,0,1,0,0,1,0,0,1,0,0,1,0,0,1,0,0,1,0,0,1,0,0,1,0,0,1,0,0,1,0,0,1,0,0,1,0,0,1,0,0,1,0,9.47165e-07,-1,-3.75447e-08,9.47165e-07,-1,-3.75447e-08,9.47165e-07,-1,-3.75447e-08,9.47165e-07,-1,-3.75447e-08,0,-1,0,0,-1,0,0,-1,0,0,-1,0,0,-1,0,0,-1,0,0,-1,0,0,-1,0,0,-1,0,0,-1,0,0,-1,0,0,-1,0,0,-1,0,0,-1,0,0,-1,0,0,-1,0,0,-1,0,0,-1,0,0,-1,0,0,-1,0,0,-1,0,0,-1,0,0,-1,0,0,-1,0,0,-1,0,0,-1,0,0,-1,0,0,-1,0,0,-1,0,0,-1,0,9.01788e-07,-1,-3.72403e-08,9.01787e-07,-1,-3.72403e-08,9.01787e-07,-1,-3.72403e-08,9.01787e-07,-1,-3.72403e-08,-1,0,0,-1,0,0,-1,0,0,-1,0,0,0,0,1,0,0,1,0,0,1,0,0,1,-0.9948,0,0.101848,-0.9948,0,0.101848,-0.9948,0,0.101848,-0.9948,0,0.101848,0.9948,0,-0.101848,0.9948,0,-0.101848,0.9948,0,-0.101848,0.9948,0,-0.101848,0.197431,0,0.980317,0.197431,0,0.980317,0.197431,0,0.980317,0.197431,0,0.980317,-0.197431,0,-0.980317,-0.197431,0,-0.980317,-0.197431,0,-0.980317,-0.197431,0,-0.980317,1,0,0,1,0,0,1,0,0,1,0,0,-1,0,0,-1,0,0,0.996195,0,-0.0871557,0.996195,0,-0.0871558,0.996195,0,-0.0871557,0.996195,0,-0.0871558,-0.996195,0,0.0871553,-0.996195,0,0.0871553,-0.996195,0,0.0871553,-0.996195,0,0.0871553,0.996195,0,-0.0871557,0.996195,0,-0.0871557,-0.305748,0,0.952113,-0.305748,0,0.952113,-0.305748,0,0.952113,-0.305748,0,0.952113,0.305748,0,-0.952113,0.305748,0,-0.952113,0.305748,0,-0.952113,0.305748,0,-0.952113,1,0,0,1,0,0,1,0,0,1,0,0,-1,0,0,-1,0,0,-1,0,0,-1,0,0,0.00465045,0,0.999989,0.00465045,0,0.999989,0.00465045,0,0.999989,0.00465045,0,0.999989,0.0952846,0,0.99545,0.0952846,0,0.99545,0.0952846,0,0.99545,0.0952846,0,0.99545]},"texCoord0":{"type":"float32","components":2,