{"model":{"version":2,"nodes":[{"name":"RootNode","position":[0,0,0],"rotation":[0,0,0],"scale":[1,1,1],"scaleCompensation":false},{"name":"SM-UN-H5-14","position":[0,0,0],"rotation":[-90,31.8517,2.17966e-15],"scale":[0.00682873,0.00682873,0.000148021],"scaleCompensation":false}],"parents":[-1,0],"skins":[],"morphs":[],"vertices":[{"position":{"type":"float32","components":3,"data":[4734.19,-1487.2,7129.35,4930.48,-1487.2,7129.35,4832.33,-1308.75,7129.35,4734.19,-1247.1,7129.35,4930.48,-1247.1,7129.35,4832.33,-1068.66,7129.35,4734.19,-1007.01,7129.35,4930.48,-1007.01,7129.35,4832.33,-828.568,7129.35,4734.19,-766.92,7129.35,4930.48,-766.92,7129.35,4832.33,-588.476,7129.35,4734.19,-526.827,7129.35,4930.48,-526.827,7129.35,4832.33,-348.383,7129.35,4734.19,-286.735,7129.35,4930.48,-286.735,7129.35,4832.33,-108.291,7129.35,4734.19,-46.6429,7129.35,4930.48,-46.6429,7129.35,4832.33,131.801,7129.35,4734.19,193.449,7129.35,4930.48,193.449,7129.35,4832.33,371.893,7129.35,4733.5,399.094,7129.35,4833.83,567.803,7129.35,4630.29,574.659,7129.35,4527.14,521.815,7129.35,4627.47,690.524,7129.35,4423.93,697.38,7129.35,4375.73,599.363,7129.35,4294.95,778.26,7129.35,4172.7,615.378,7129.35,4156.91,500.56,7129.35,4076.13,679.458,7129.35,3953.88,516.576,7129.35,3938.09,401.757,7129.35,3857.31,580.655,7129.35,3735.06,417.773,7129.35,3484.89,285.551,7129.35,3657.72,378.611,7129.35,3486.7,489.196,7129.35,3371.06,496.946,7129.35,3543.89,590.005,7129.35,3372.88,700.591,7129.35,3257.23,708.34,7129.35,3430.06,801.4,7129.35,3259.05,911.985,7129.35,3143.41,919.735,7129.35,3316.23,1012.79,7129.35,3145.22,1123.38,7129.35,3029.58,1131.13,7129.35,3202.41,1224.19,7129.35,3031.39,1334.77,7129.35,2915.75,1342.52,7129.35,3088.58,1435.58,7129.35,2917.57,1546.17,7129.35,2801.93,1553.92,7129.35,2974.75,1646.98,7129.35,2803.74,1757.56,7129.35,2688.1,1765.31,7129.35,2860.93,1858.37,7129.35,2689.91,1968.96,7129.35,2727.49,2030.37,7129.35,2639.78,2205.98,7129.35,2523.99,2038.44,7129.35,2512.7,1923.09,7129.35,2424.99,2098.69,7129.35,2309.2,1931.16,7129.35,2297.91,1815.81,7129.35,2210.2,1991.41,7129.35,2094.41,1823.87,7129.35,2083.12,1708.52,7129.35,1995.41,1884.13,7129.35,1879.62,1716.59,7129.35,1868.33,1601.24,7129.35,1780.62,1776.84,7129.35,1664.83,1609.31,7129.35,1653.54,1493.96,7129.35,1565.83,1669.56,7129.35,1450.04,1502.02,7129.35,1438.75,1386.67,7129.35,1351.04,1562.28,7129.35,1235.25,1394.74,7129.35,1223.96,1279.39,7129.35,1136.25,1454.99,7129.35,1020.47,1287.46,7129.35,1009.17,1172.11,7129.35,921.459,1347.71,7129.35,805.676,1180.17,7129.35,794.379,1064.82,7129.35,706.669,1240.43,7129.35,590.886,1072.89,7129.35,579.59,957.541,7129.35,491.88,1133.14,7129.35,376.096,965.606,7129.35,364.8,850.258,7129.35,277.09,1025.86,7129.35,161.306,858.322,7129.35,150.01,742.974,7129.35,62.3003,918.577,7129.35,-53.4829,751.039,7129.35,56.5161,637.75,7129.35,-109.313,742.774,7129.35,-121.875,539.509,7129.35,-71.9443,434.915,7129.35,-237.773,539.938,7129.35,-250.335,336.673,7129.35,-200.405,232.08,7129.35,-366.234,337.103,7129.35,-378.795,133.838,7129.35,-316.426,37.4662,7129.35,-482.255,142.49,7129.35,-494.817,-60.7758,7129.35,-444.887,-165.369,7129.35,-610.715,-60.3458,7129.35,-623.277,-263.611,7129.35,-573.347,-368.205,7129.35,-739.176,-263.182,7129.35,-751.738,-466.447,7129.35,-693.243,-565.12,7129.35,-859.072,-460.097,7129.35,-871.633,-663.362,7129.35,-821.704,-767.956,7129.35,-987.533,-662.933,7129.35,-1000.09,-866.198,7129.35,-1172.32,-1071.52,7129.35,-1068.73,-904.79,7129.35,-1272.1,-893.987,7129.35,-1376.26,-944.819,7129.35,-1272.67,-778.088,7129.35,-1476.04,-767.285,7129.35,-1580.19,-818.117,7129.35,-1476.61,-651.386,7129.35,-1679.97,-640.583,7129.35,-1784.13,-691.415,7129.35,-1680.55,-524.684,7129.35,-1883.91,-513.881,7129.35,-1988.07,-564.713,7129.35,-1884.48,-397.982,7129.35,-2087.85,-387.178,7129.35,-2192.01,-438.011,7129.35,-2088.42,-271.28,7129.35,-2291.79,-260.476,7129.35,-2395.95,-311.309,7129.35,-2292.36,-144.578,7129.35,-2495.73,-133.774,7129.35,-2599.89,-184.607,7129.35,-2496.3,-17.876,7129.35,-2699.67,-7.07214,7129.35,-2803.82,-57.9045,7129.35,-2700.24,108.826,7129.35,-2903.6,119.63,7129.35,-3431.51,647.528,7129.35,-3264.78,543.942,7129.35,-3253.97,747.308,7129.35,-3304.81,851.466,7129.35,-3138.08,747.88,7129.35,-3127.27,951.246,7129.35,-2996.72,61.9341,7129.35,-2893.13,228.665,7129.35,-3096.5,239.469,7129.35,-3200.65,188.636,7129.35,-3097.07,355.367,7129.35,-3300.43,366.171,7129.35,-3404.59,315.338,7129.35,-3301.01,482.069,7129.35,-3504.37,492.873,7129.35]},"normal":{"type":"float32","components":3,"data":[0,0,1,0,0,1,0,0,1,0,0,1,0,0,1,0,0,1,0,0,1,0,0,1,0,0,1,0,0,1,0,0,1,0,0,1,0,0,1,0,0,1,0,0,1,0,0,1,0,0,1,0,0,1,0,0,1,0,0,1,0,0,1,0,0,1,0,0,1,0,0,1,0,0,1,0,0,1,0,0,1,0,0,1,0,0,1,0,0,1,0,0,1,0,0,1,0,0,1,0,0,1,0,0,1,0,0,1,0,0,1,0,0,1,0,0,1,0,0,1,0,0,1,0,0,1,0,0,1,0,0,1,0,0,1,0,0,1,0,0,1,0,0,1,0,0,1,0,0,1,0,0,1,0,0,1,0,0,1,0,0,1,0,0,1,0,0,1,0,0,1,0,0,1,0,0,1,0,0,1,0,0,1,0,0,1,0,0,1,0,0,1,0,0,1,0,0,1,0,0,1,0,0,1,0,0,1,0,0,1,0,0,1,0,0,1,0,0,1,0,0,1,0,0,1,0,0,1,0,0,1,0,0,1,0,0,1,0,0,1,0,0,1,0,0,1,0,0,1,0,0,1,0,0,1,0,0,1,0,0,1,0,0,1,0,0,1,0,0,1,0,0,1,0,0,1,0,0,1,0,0,1,0,0,1,0,0,1,0,0,1,0,0,1,0,0,1,0,0,1,0,0,1,0,0,1,0,0,1,0,0,1,0,0,1,0,0,1,0,0,1,0,0,1,0,0,1,0,0,1,0,0,1,0,0,1,0,0,1,0,0,1,0,0,1,0,0,1,0,0,1,0,0,1,0,0,1,0,0,1,0,0,1,0,0,1,0,0,1,0,0,1,0,0,1,0,0,1,0,0,1,0,0,1,0,0,1,0,0,1,0,0,1,0,0,1,0,0,1,0,0,1,0,0,1,0,0,1,0,0,1,0,0,1,0,0,1,0,0,1,0,0,1,0,0,1,0,0,1,0,0,1,0,0,1,0,0,1,0,0,1,0,0,1,0,0,1,0,0,1,0,0,1,0,0,1,0,0,1,0,0,1,0,0,1,0,0,1,0,0,1,0,0,1,0,0,1,0,0,1,0,0,1,0,0,1,0,0,1,0,0,1,0,0,1,0,0,1,0,0,1,0,0,1]},"texCoord0":{"type":"float32","components":2,