{"model":{"version":2,"nodes":[{"name":"RootNode","position":[0,0,0],"rotation":[0,0,0],"scale":[1,1,1],"scaleCompensation":false},{"name":"SM-UN-H5-01","position":[0,0,0],"rotation":[-90,-0,0],"scale":[0.01,0.01,0.01],"scaleCompensation":false}],"parents":[-1,0],"skins":[],"morphs":[],"vertices":[{"position":{"type":"float32","components":3,"data":[-937.115,-1270.18,0,-1015.74,-1270.18,0,-937.115,-1191.15,0,-1015.74,-1191.15,0,-937.115,-1191.15,517.338,-1015.74,-1191.15,517.338,-1015.74,-1270.18,517.338,-937.115,-1270.18,517.338,-1015.74,-1270.18,7.14008,-937.115,-1270.18,0,-937.115,-1270.18,7.14008,-1015.74,-1270.18,0,-937.115,-1270.18,7.14008,-937.115,-1191.15,0,-937.115,-1191.15,7.14008,-937.115,-1270.18,0,-937.115,-1191.15,7.14008,-1015.74,-1191.15,0,-1015.74,-1191.15,7.14008,-937.115,-1191.15,0,-1015.74,-1191.15,7.14008,-1015.74,-1270.18,0,-1015.74,-1270.18,7.14008,-1015.74,-1191.15,0,-1690.13,-1270.18,0,-1768.75,-1270.18,0,-1690.13,-1191.15,0,-1768.75,-1191.15,0,-1690.13,-1191.15,517.338,-1768.75,-1191.15,517.338,-1768.75,-1270.18,517.338,-1690.13,-1270.18,517.338,-1768.75,-1270.18,7.14008,-1690.13,-1270.18,0,-1690.13,-1270.18,7.14008,-1768.75,-1270.18,0,-1690.13,-1270.18,7.14008,-1690.13,-1191.15,0,-1690.13,-1191.15,7.14008,-1690.13,-1270.18,0,-1690.13,-1191.15,7.14008,-1768.75,-1191.15,0,-1768.75,-1191.15,7.14008,-1690.13,-1191.15,0,-1768.75,-1191.15,7.14008,-1768.75,-1270.18,0,-1768.75,-1270.18,7.14008,-1768.75,-1191.15,0,-2466.86,-1270.18,0,-2545.48,-1270.18,0,-2466.86,-1191.15,0,-2545.48,-1191.15,0,-2466.86,-1191.15,517.338,-2545.48,-1191.15,517.338,-2545.48,-1270.18,517.338,-2466.86,-1270.18,517.338,-2545.48,-1270.18,7.14008,-2466.86,-1270.18,0,-2466.86,-1270.18,7.14008,-2545.48,-1270.18,0,-2466.86,-1270.18,7.14008,-2466.86,-1191.15,0,-2466.86,-1191.15,7.14008,-2466.86,-1270.18,0,-2466.86,-1191.15,7.14008,-2545.48,-1191.15,0,-2545.48,-1191.15,7.14008,-2466.86,-1191.15,0,-2545.48,-1191.15,7.14008,-2545.48,-1270.18,0,-2545.48,-1270.18,7.14008,-2545.48,-1191.15,0,-3207.96,-1270.18,0,-3286.59,-1270.18,0,-3207.96,-1191.15,0,-3286.59,-1191.15,0,-3207.96,-1191.15,517.338,-3286.59,-1191.15,517.338,-3286.59,-1270.18,517.338,-3207.96,-1270.18,517.338,-3286.59,-1270.18,7.14008,-3207.96,-1270.18,0,-3207.96,-1270.18,7.14008,-3286.59,-1270.18,0,-3207.96,-1270.18,7.14008,-3207.96,-1191.15,0,-3207.96,-1191.15,7.14008,-3207.96,-1270.18,0,-3207.96,-1191.15,7.14008,-3286.59,-1191.15,0,-3286.59,-1191.15,7.14008,-3207.96,-1191.15,0,-3286.59,-1191.15,7.14008,-3286.59,-1270.18,0,-3286.59,-1270.18,7.14008,-3286.59,-1191.15,0,-937.115,-1270.18,517.338,-1015.74,-1270.18,517.338,-937.115,-1270.18,517.338,-937.115,-1191.15,517.338,-1015.74,-1191.15,517.338,-937.115,-1191.15,517.338,-1015.74,-1191.15,517.338,-1015.74,-1270.18,517.338,-1690.13,-1270.18,517.338,-1768.75,-1270.18,517.338,-1690.13,-1270.18,517.338,-1690.13,-1191.15,517.338,-1768.75,-1191.15,517.338,-1690.13,-1191.15,517.338,-1768.75,-1191.15,517.338,-1768.75,-1270.18,517.338,-2466.86,-1270.18,517.338,-2545.48,-1270.18,517.338,-2466.86,-1270.18,517.338,-2466.86,-1191.15,517.338,-2466.86,-1191.15,517.338,-2545.48,-1191.15,517.338,-2545.48,-1191.15,517.338,-2545.48,-1270.18,517.338,-3286.59,-1270.18,517.338,-3207.96,-1270.18,517.338,-3207.96,-1270.18,517.338,-3207.96,-1191.15,517.338,-3207.96,-1191.15,517.338,-3286.59,-1191.15,517.338,-3286.59,-1191.15,517.338,-3286.59,-1270.18,517.338]},"normal":{"type":"float32","components":3,"data":[0,0,-1,0,0,-1,0,0,-1,0,0,-1,0,0,1,0,0,1,0,0,1,0,0,1,0,-1,0,0,-1,0,0,-1,0,0,-1,0,1,0,0,1,0,0,1,0,0,1,0,0,0,1,0,0,1,0,0,1,0,0,1,0,-1,0,0,-1,0,0,-1,0,0,-1,0,0,0,0,-1,0,0,-1,0,0,-1,0,0,-1,0,0,1,0,0,1,0,0,1,0,0,1,0,-1,0,0,-1,0,0,-1,0,0,-1,0,1,0,0,1,0,0,1,0,0,1,0,0,0,1,0,0,1,0,0,1,0,0,1,0,-1,0,0,-1,0,0,-1,0,0,-1,0,0,0,0,-1,0,0,-1,0,0,-1,0,0,-1,0,0,1,0,0,1,0,0,1,0,0,1,0,-1,0,0,-1,0,0,-1,0,0,-1,0,1,0,0,1,0,0,1,0,0,1,0,0,0,1,0,0,1,0,0,1,0,0,1,0,-1,0,0,-1,0,0,-1,0,0,-1,0,0,0,0,-1,0,0,-1,0,0,-1,0,0,-1,0,0,1,0,0,1,0,0,1,0,0,1,0,-1,0,0,-1,0,0,-1,0,0,-1,0,1,0,0,1,0,0,1,0,0,1,0,0,0,1,0,0,1,0,0,1,0,0,1,0,-1,0,0,-1,0,0,-1,0,0,-1,0,0,0,-1,0,0,-1,0,1,0,0,1,0,0,0,1,0,0,1,0,-1,0,0,-1,0,0,0,-1,0,0,-1,0,1,0,0,1,0,0,0,1,0,0,1,0,-1,0,0,-1,0,0,0,-1,0,0,-1,0,1,0,0,1,0,0,0,1,0,0,1,0,-1,0,0,-1,0,0,0,-1,0,0,-1,0,1,0,0,1,0,0,0,1,0,0,1,0,-1,0,0,-1,0,0]},"texCoord0":{"type":"float32","components":2,"data":[24.6179,-21.7179,25.4042,-21.7179,24.6179,-20.9276,25.4042,-20.9276,-23.6179,-20.9276,-24.4042,-20.9276,-24.4042,-21.7179,-23.6179,-21.7179,-24.4042,-12.403,-23.6179,-12.4744,-23.6179,-12.403,-24.4042,-12.4744,-21.7179,-12.403,-20.9276,-12.4744,-20.9276,-12.403,-21.7179,-12.4744,24.6179,-12.403,25.4042,-12.4744,25.4042,-12.403,24.6179,-12.4744,21.9276,-12.403,22.7179,-12.4744,22.7179,-12.403,21.9276,-12.4744,32.1481,-21.7179,32.9343,-21.7179,32.1481,-20.9276,32.9343,-20.9276,-31.1481,-20.9276,-31.9343,-20.9276,-31.9343,-21.7179,-31.1481,-21.7179,-31.9343,-12.403,-31.1481,-12.4744,-31.1481,-12.403,-31.9343,-12.4744,-21.7179,-12.403,-20.9276,-12.4744,-20.9276,-12.403,-21.7179,-12.4744,32.1481,-12.403,32.9343,-12.4744,32.9343,-12.403,32.1481,-12.4744,21.9276,-12.403,22.7179,-12.4744,22.7179,-12.403,21.9276,-12.4744,39.9154,-21.7179,40.7016,-21.7179,39.9154,-20.9276,40.7016,-20.9276,-38.9154,-20.9276,-39.7016,-20.9276,-39.7016,-21.7179,-38.9154,-21.7179,-39.7016,-12.403,-38.9154,-12.4744,-38.9154,-12.403,-39.7016,-12.4744,-21.7179,-12.403,-20.9276,-12.4744,-20.9276,-12.403,-21.7179,-12.4744,39.9154,-12.403,40.7016,-12.4744,40.7016,-12.403,39.9154,-12.4744,21.9276,-12.403,22.7179,-12.4744,22.7179,-12.403,21.9276,-12.4744,47.3264,-21.7179,48.1126,-21.7179,47.3264,-20.9276,48.1126,-20.9276,-46.3264,-20.9276,-47.1126,-20.9276,-47.1126,-21.7179,-46.3264,-21.7179,-47.1126,-12.403,-46.3264,-12.4744,-46.3264,-12.403,-47.1126,-12.4744,-21.7179,-12.403,-20.9276,-12.4744,-20.9276,-12.403,-21.7179,-12.4744,47.3264,-12.403,48.1126,-12.4744,48.1126,-12.403,47.3264,-12.4744,21.9276,-12.403,22.7179,-12.4744,22.7179,-12.403,21.9276,-12.4744,-23.6179,-7.30103,-24.4042,-7.30103,-21.7179,-7.30103,-20.9276,-7.30103,25.4042,-7.30103,24.6179,-7.30103,21.9276,-7.30103,22.7179,-7.30103,-31.1481,-7.30103,-31.9343,-7.30103,-21.7179,-7.30103,-20.9276,-7.30103,32.9343,-7.30103,32.1481,-7.30103,21.9276,-7.30103,22.7179,-7.30103,-38.9154,-7.30103,-39.7016,-7.30103,-21.7179,-7.30103,-20.9276,-7.30103,39.9154,-7.30103,40.7016,-7.30103,21.9276,-7.30103,22.7179,-7.30103,-47.1126,-7.30103,-46.3264,-7.30103,-21.7179,-7.30103,-20.9276,-7.30103,47.3264,-7.30103,48.1126,-7.30103,21.9276,-7.30103,22.7179,-7.30103]},"texCoord1":{"type":"float32","components":2,