{"model":{"version":2,"nodes":[{"name":"RootNode","position":[0,0,0],"rotation":[0,0,0],"scale":[1,1,1],"scaleCompensation":false},{"name":"SM-UN-H5-12","position":[0,0,0],"rotation":[-90,-0,0],"scale":[0.01,0.01,0.01],"scaleCompensation":false}],"parents":[-1,0],"skins":[],"morphs":[],"vertices":[{"position":{"type":"float32","components":3,"data":[-2353.98,-1232.5,293.406,-1830.88,-1250.03,293.406,-1830.88,-1232.5,293.406,-2353.98,-1250.03,293.406,-1830.88,-1250.03,293.406,-1830.88,-1232.5,9.04795,-1830.88,-1232.5,293.406,-1830.88,-1250.03,-1.56642,-1830.88,-1232.5,9.04795,-2353.98,-1191.14,-1.56642,-2353.98,-1191.14,9.04795,-1830.88,-1232.5,-1.56642,-2353.98,-1232.5,-1.56642,-2353.98,-1250.03,-1.56642,-2353.98,-1232.5,9.04795,-2353.98,-1250.03,293.406,-1830.88,-1250.03,-1.56642,-1830.88,-1250.03,293.406,-2353.98,-1250.03,-1.56642,-1830.88,-1232.5,9.04795,-2353.98,-1232.5,293.406,-1830.88,-1232.5,293.406,-2353.98,-1232.5,9.04795,-2353.98,-1191.14,9.04795,-2353.98,-1191.14,-1.56642,-2353.98,-1232.5,9.04795,-1830.88,-1232.5,9.04795,-2353.98,-1191.14,9.04795,-1830.88,-1232.5,-1.56642,-2353.98,-1232.5,293.406,-2353.98,-1250.03,293.406]},"normal":{"type":"float32","components":3,"data":[0,0,1,0,0,1,0,0,1,0,0,1,1,0,0,1,0,0,1,0,0,1,0,0,0.0394379,0.999222,0,0.0788144,0.996889,0,0.0788144,0.996889,0,0.0788144,0.996889,0,-1,0,0,-1,0,0,-1,0,0,0,-1,0,0,-1,0,0,-1,0,0,-1,0,0.0394379,0.999222,0,0,1,0,0,1,0,0,1,0,-1,0,0,-1,0,0,0,0,1,0,0,1,0,0,1,1,0,0,-1,0,0,-1,0,0]},"texCoord0":{"type":"float32","components":2,"data":[-37.7866,-21.3411,-32.5556,-21.5163,-32.5556,-21.3411,-37.7866,-21.5163,-21.5163,-9.54035,-21.3411,-12.3839,-21.3411,-9.54035,-21.5163,-12.4901,33.5556,-12.3839,38.7866,-12.4901,38.7866,-12.3839,33.5556,-12.4901,22.3411,-12.4901,22.5163,-12.4901,22.3411,-12.3839,-37.7866,-9.54035,-32.5556,-12.4901,-32.5556,-9.54035,-37.7866,-12.4901,0.002,0.00199999,0.998,0.990461,0.002,0.990461,0.998,0.00199999,21.9275,-12.3839,21.9275,-12.4901,-37.7866,-21.3411,-32.5556,-21.3411,-37.7866,-20.9275,-21.3411,-12.4901,22.3411,-9.54035,22.5163,-9.54035]},"texCoord1":{"type":"float32","components":2,"data":[0.704114,0.950347,0.0035,0.973823,0.0035,0.950347,0.704114,0.973823,0.804924,0.883676,0.424069,0.8602,0.804924,0.8602,0.409853,0.883676,0.706301,0.982284,0.0035,0.9965,0.0035,0.982284,0.706301,0.9965,0.0035,0.883676,0.0035,0.8602,0.0177164,0.883676,0.704114,0.0035,0.0035,0.398572,0.0035,0.0035,0.704114,0.398572,0.704114,0.787888,0.0035,0.407032,0.704114,0.407032,0.0035,0.787888,0.0177164,0.939066,0.0035,0.939066,0.704114,0.851739,0.0035,0.851739,0.704114,0.796349,0.409853,0.8602,0.398572,0.883676,0.398572,0.8602]}}],"meshes":[{"aabb":{"min":[-2353.98,-1250.03,-1.56642],"max":[-1830.88,-1191.14,293.406]},"vertices":0,"indices":[0,1,2,1,0,3,4,5,6,5,4,7,8,9,10,9,8,11,12,13,14,23,12,14,12,23,24,25,26,27,7,28,5,29,14,30,13,30,14],"type":"triangles","base":0,"count":39},{"aabb":{"min":[-2353.98,-1250.03,-1.56642],"max":[-1830.88,-1191.14,293.406]},"vertices":0,"indices":[15,16,17,16,15,18],"type":"triangles","base":0,"count":6},{"aabb":{"min":[-2353.98,-1250.03,-1.56642],"max":[-1830.88,-1191.14,293.406]},"vertices":0,"indices":[19,20,21,20,19,22],"type":"triangles","base":0,"count":6}],"meshInstances":[{"node":1,"mesh":0},{"node":1,"mesh":1},{"node":1,"mesh":2}]}}