{"model":{"version":2,"nodes":[{"name":"RootNode","position":[0,0,0],"rotation":[0,0,0],"scale":[1,1,1],"scaleCompensation":false},{"name":"SM-UN-H5-02","position":[0,0,0],"rotation":[-90,-0,0],"scale":[0.01,0.01,0.01],"scaleCompensation":false}],"parents":[-1,0],"skins":[],"morphs":[],"vertices":[{"position":{"type":"float32","components":3,"data":[-4002.61,-1258.53,0,-3553.1,-1258.53,0,-4002.61,95.3926,0,52.4795,-1301.01,0,-179.263,1611.44,0,-531.412,1513.49,0,747.713,-1349.39,0,747.713,-1122.11,0,747.713,-1122.11,0,2168.81,3086.36,0,2001.99,2937.35,0,2177.98,-1276.9,0,2631.51,-1280,0,3729.43,2007.83,0,-3553.1,-1301.01,0,52.4795,-1301.01,0,-3971.86,1528.14,0,-4002.61,1467.9,0,-4002.61,95.3926,0,1918.33,3044.22,0,1821.97,3139.81,0,2001.99,2937.35,0,1737.61,3192.44,0,1593.27,3220.3,0,1449.89,3201.28,0,1288.99,3127.94,0,1047.92,2951.72,0,844.879,2771.67,0,535.096,2277.13,0,499.495,2215.99,0,499.495,2215.99,0,460.024,2149.43,0,1288.99,3127.94,0,334.642,1990.77,0,206.941,1878.55,0,77.6902,1768.79,0,-45.3684,1683.11,0,52.4795,-1349.39,0,1043.36,-1179.39,0,1566.55,-1233.56,0,3729.43,2007.83,0,3414.82,2415.42,0,3296.79,2561.32,0,3215.41,2664.84,0,3126.75,2766.08,0,3126.75,2766.08,0,3042.47,2860.76,0,2972.97,2933.55,0,2893.07,3011.81,0,2832.87,3069.27,0,2768.84,3128.38,0,2717.94,3172.7,0,2717.94,3172.7,0,2649.53,3212.65,0,2573.46,3237.28,0,2573.46,3237.28,0,2482.07,3252.6,0,2420.77,3248.23,0,2361.67,3233.45,0,2263.16,3185.29,0,2263.16,3185.29,0,2175.6,3120.17,0,2168.81,3086.36,0,3296.79,2561.32,0,3252.22,-1244.4,0,3834.24,-1202.61,0,4338.85,-1145.33,0,4719.64,-1058.65,0,4971.95,-948.75,0,5080.09,-763.534,0,5075.71,-599.354,0,5007.85,-362.935,0,4804.26,155.875,0,4554.71,659.36,0,4316.1,1088.42,0,4053.41,1526.23,0]},"normal":{"type":"float32","components":3,"data":[0,0,1,0,0,1,0,0,1,0,0,1,0,0,1,0,0,1,0,0,1,0,0,1,0,0,1,0,0,1,0,0,1,0,0,1,0,0,1,0,0,1,0,0,1,0,0,1,0,0,1,0,0,1,0,0,1,0,0,1,0,0,1,0,0,1,0,0,1,0,0,1,0,0,1,0,0,1,0,0,1,0,0,1,0,0,1,0,0,1,0,0,1,0,0,1,0,0,1,0,0,1,0,0,1,0,0,1,0,0,1,0,0,1,0,0,1,0,0,1,0,0,1,0,0,1,0,0,1,0,0,1,0,0,1,0,0,1,0,0,1,0,0,1,0,0,1,0,0,1,0,0,1,0,0,1,0,0,1,0,0,1,0,0,1,0,0,1,0,0,1,0,0,1,0,0,1,0,0,1,0,0,1,0,0,1,0,0,1,0,0,1,0,0,1,0,0,1,0,0,1,0,0,1,0,0,1,0,0,1,0,0,1,0,0,1,0,0,1,0,0,1,0,0,1,0,0,1]},"texCoord0":{"type":"float32","components":2,"data":[-54.2729,-21.6013,-49.7778,-21.6013,-54.2729,-8.06214,-13.722,-22.0262,-16.0394,7.09833,-19.5609,6.11888,-6.76965,-22.51,-6.76965,-20.2372,-6.76965,-20.2372,7.44134,21.8475,5.77311,20.3575,7.53299,-21.7851,12.0684,-21.8161,23.0475,11.0622,-49.7778,-22.0262,-13.722,-22.0262,-53.9654,6.26534,-54.2729,5.66298,-54.2729,-8.06214,4.93652,21.4262,3.97295,22.382,5.77311,20.3575,3.12933,22.9083,1.6859,23.1869,0.252086,22.9967,-1.35688,22.2634,-3.76761,20.5012,-5.79797,18.7006,-8.8958,13.7553,-9.25181,13.1438,-9.25181,13.1438,-9.64653,12.4782,-1.35688,22.2634,-10.9003,10.8916,-12.1774,9.76939,-13.4699,8.67181,-14.7005,7.81506,-13.722,-22.51,-3.81315,-20.8099,1.41877,-21.3517,23.0475,11.0622,19.9014,15.1382,18.7211,16.5971,17.9073,17.6323,17.0207,18.6448,17.0207,18.6448,16.178,19.5915,15.4829,20.3194,14.6839,21.102,14.0819,21.6766,13.4416,22.2677,12.9326,22.711,12.9326,22.711,12.2485,23.1105,11.4878,23.3567,11.4878,23.3567,10.5739,23.51,9.96097,23.4662,9.36991,23.3184,8.38483,22.8368,8.38483,22.8368,7.5092,22.1856,7.44134,21.8475,18.7211,16.5971,18.2755,-21.4601,24.0956,-21.0421,29.1418,-20.4694,32.9496,-19.6026,35.4727,-18.5036,36.5541,-16.6514,36.5103,-15.0096,35.8317,-12.6454,33.7959,-7.45733,31.3003,-2.42248,28.9142,1.8681,26.2873,6.24623]},"texCoord1":{"type":"float32","components":2,"data":[0.469255,0.0035,0.471088,0.0525355,0.321562,0.00902113,0.490426,0.445678,0.171775,0.432275,0.181023,0.393461,0.498538,0.52132,0.473745,0.522247,0.473745,0.522247,0.0204577,0.69443,0.0360318,0.675624,0.496463,0.677637,0.49865,0.727098,0.144474,0.860272,0.475722,0.0523622,0.490426,0.445678,0.165396,0.0182186,0.171841,0.0146181,0.321562,0.00902113,0.0240327,0.666934,0.0132131,0.656813,0.0360318,0.675624,0.00712791,0.647825,0.0035,0.632193,0.00499028,0.616474,0.0123338,0.598624,0.0305737,0.571608,0.0493868,0.548725,0.10207,0.512916,0.108595,0.508783,0.108595,0.508783,0.115695,0.504206,0.0123338,0.598624,0.132491,0.489881,0.144212,0.475493,0.155658,0.460946,0.164502,0.447173,0.495703,0.445481,0.481199,0.554265,0.489242,0.611116,0.144474,0.860272,0.0987281,0.827615,0.0823322,0.815335,0.0707076,0.806879,0.0593017,0.797621,0.0593017,0.797621,0.0486301,0.788814,0.0404067,0.781529,0.0315439,0.773132,0.02503,0.766799,0.0183214,0.760055,0.0132782,0.754684,0.0132782,0.754684,0.00864125,0.747384,0.00564464,0.739187,0.00564464,0.739187,0.00360037,0.72928,0.00382804,0.722575,0.00519885,0.716067,0.0100507,0.705125,0.0100507,0.705125,0.0167978,0.695308,0.0204577,0.69443,0.0823322,0.815335,0.497298,0.794954,0.495112,0.858613,0.490923,0.913893,0.48302,0.955785,0.47206,0.983756,0.452297,0.996308,0.434369,0.9965,0.408303,0.990061,0.350878,0.969969,0.294937,0.944799,0.24716,0.92052,0.19833,0.89365]}}],"meshes":[{"aabb":{"min":[-4002.61,-1349.39,0],"max":[5080.09,3252.6,0]},"vertices":0,"indices":[0,1,2,3,4,5,3,6,7,8,9,10,11,12,13,1,14,3,15,5,16,16,17,18,3,16,2,1,15,18,3,8,10,10,19,20,15,21,20,20,22,23,23,24,25,20,23,25,3,20,25,25,26,27,27,28,29,25,27,30,25,30,31,3,32,31,3,31,33,3,33,34,3,34,35,3,35,36,3,36,4,3,37,6,8,38,39,39,11,40,13,41,42,39,40,42,42,43,44,45,46,47,42,45,47,47,48,49,49,50,51,47,49,51,42,47,52,51,53,54,55,56,57,52,55,57,57,58,59,60,61,62,57,59,9,51,57,62,42,51,9,39,63,9,8,39,9,12,64,65,65,66,67,12,65,67,67,68,69,69,70,71,67,69,71,12,67,71,71,72,73,73,74,75,71,73,75,12,71,75,12,75,13],"type":"triangles","base":0,"count":183}],"meshInstances":[{"node":1,"mesh":0}]}}